TestID, UserID, voice, repeated, choice1, t1, choice2, t2, choice3, t3, resetEval, s1, s2, s3 
1,1,training,False,chappie,0.2546670189985889,walle,0.2007707090015174,r2d2,0.44390482000017073,0,4,2,4
1,1,Reem_Acapela,False,stevie,0.5395462460000999,pepper,0.15224503499848652,sciprr,0.7086250579995976,0,5,1,3
1,1,syn_Dublin_M,False,stevie,1.3295940220014018,pepper,0.2770961350033758,sciprr,0.5935596949966566,0,4,2,4
