ID, voice, choice1, t1, s1, choice2, t2, s2, choice3, t3, s3 
dummy,hi,robot_1,0.8261055019975174,2,robot_3,0.5287909639955615,4,robot_4,0.6077231840026798,4
dummy,hi,robot_1,0.6749311969979317,3,robot_3,0.2866600259949337,4,robot_4,0.47194885600038106,4
