ID, voice, choice1, t1, s1, choice2, t2, s2, choice3, t3, s3 
dummy,icub,robot_3,1.6737536020000334,3,robot_4,1.4321561450000218,3,robot_1,0.6415488040000241,2
dummy,pepper,robot_1,0.38602750100000094,2,robot_3,0.39216282799998226,3,robot_4,0.463888513000029,3
dummy,g5,robot_3,0.4854648509999606,3,robot_4,0.47139375500000824,4,robot_1,0.3444721770000001,2
dummy,sciprr,robot_1,1.521661666,2,robot_3,0.48678744400001506,3,robot_4,0.4489056609999693,4
dummy,pr2,robot_3,0.5417950319999818,3,robot_4,0.48002603300000146,4,robot_1,0.5767511720000016,2
