ID, voice, choice1, t1, s1, choice2, t2, s2, choice3, t3, s3 
dummy,pr2,robot_1,0.3658643520000169,3,robot_3,0.4758413899999141,4,robot_5,0.7239419669999734,2
dummy,pepper,robot_1,0.5426110460000473,3,robot_3,0.48797359900004267,4,robot_4,0.596329821000154,4
