ID, choice1, t1, s1, choice2, t2, s2, choice3, t3, s3 
,robot_5,0.38160866299585905,2,robot_1,0.5673054680009955,3,robot_3,0.47879046500020195,4