ID, choice1, t1, s1, choice2, t2, s2, choice3, t3, s3 
dummy,robot_5,0.6736166370028513,2,robot_1,0.48662921699724393,3,robot_3,0.3432108079941827,4