ID, voice, choice1, t1, s1, choice2, t2, s2, choice3, t3, s3 
dummy,pepper,robot_3,5.10812984100005,4,robot_4,0.4968555599999718,4,robot_1,0.39977625200003786,2
