TestID, UserID, voice, choice1, t1, choice2, t2, choice3, t3, reset, s1, s2, s3 
1,ggg,training,r2d2,1.2121737639999992,pepper,0.6819461239999782,sciprr,0.43443734699997094,0,4,2,3
1,ggg,Cali_F,stevie,5.274064494000015,pepper,0.35426781899997195,sciprr,0.5565535259999592,0,4,2,3
1,ggg,Cali_M,stevie,1.5778832240000042,pepper,0.3695742870000345,sciprr,0.48551418499999954,0,4,2,3
