ID, voice, choice1, t1, s1, choice2, t2, s2, choice3, t3, s3 
dummy,pepper,robot_1,0.5878349429985974,3,robot_3,0.5835923089980497,4,robot_4,0.48875042899453547,4
dummy,pr2,robot_3,3.1854400469965185,4,robot_1,0.4942920219982625,3,robot_5,0.5118978420068743,2
