ID, voice, choice1, t1, s1, choice2, t2, s2, choice3, t3, s3 
dummy,pepper,button,7.136368940000011,0,robot_3,4.498178758999984,4,robot_4,0.6809325840001748,3,robot_1,0.40662228100018183,2
