ID, voice, choice1, t1, s1, choice2, t2, s2, choice3, t3, s3 
dummy,pepper,robot_1,0.839201958999638,2,robot_3,0.4381275430000642,4,robot_4,0.5382110460000149,3,robot_2,2.4113498920000893,3
dummy,pr2,robot_1,0.6861516130002201,3,robot_3,0.6877309090000381,4,robot_5,0.9398077579999153,2,robot_8,1.2610190870000224,2
