ID, choice1, t1, s1, choice2, t2, s2, choice3, t3, s3 
dummy,robot_5,1.0775565389994881,5,robot_3,0.5338611729966942,5,robot_4,0.5675071829973604,5