ID, voice, choice1, t1, s1, choice2, t2, s2, choice3, t3, s3 
dummy,icub,robot_1,0.4000199310030439,3,robot_2,0.11865617900184589,3,robot_3,0.28014264900411945,4
dummy,sciprr,robot_1,0.5993614510007319,3,robot_3,0.30395064799813554,4,robot_4,0.4633592870013672,4
