ID, choice1, t1, s1, choice2, t2, s2, choice3, t3, s3 
dummy,robot_1,1.573944190000475,2,robot_3,0.5681674799998291,4,robot_4,0.4699336289995699,4dummy,robot_1,0.608740014002251,3,robot_3,0.5515611910013831,4,robot_4,0.44027468499552924,5