ID, choice1, t1, s1, choice2, t2, s2, choice3, t3, s3 
101,robot_7,0.7238751929980936,2,robot_1,0.513183488001232,3,robot_3,0.6251214599978994,4