ID, choice1, t1, s1, choice2, t2, s2, choice3, t3, s3 
dummy,robot_7,1.2438876550004352,1,robot_2,0.000319559003401082,1,robot_1,0.5688829380014795,1