ID, choice1, t1, s1, choice2, t2, s2, choice3, t3, s3 
dummy,robot_1,1.4233558210034971,2,robot_3,0.47772154900303576,4,robot_4,0.5198100389970932,5