ID, choice1, t1, s1, choice2, t2, s2, choice3, t3, s3 
dummy,robot_5,0.9130182570006582,2,robot_1,0.2882348519997322,3,robot_3,0.43951840600493597,4dummy,robot_2,0.6612964740052121,3,robot_4,0.6244705300050555,4,robot_6,0.8903276760029257,2