ID, voice, choice1, t1, s1, choice2, t2, s2, choice3, t3, s3 
dummy,pepper,robot_3,5.411752430999968,3,robot_4,0.6058268720000797,4,robot_1,0.5733781609999369,2
