ID, choice1, t1, s1, choice2, t2, s2, choice3, t3, s3 
,robot_5,0.6447952050002641,2,robot_1,0.36006174099748023,3,robot_3,0.5605945470015286,4