ID, voice, choice1, t1, s1, choice2, t2, s2, choice3, t3, s3 
dummy,pepper,robot_3,4.943535896999947,3,robot_4,0.550937040000008,4,robot_1,0.4554069949999757,2
