TestID, UserID, voice, choice1, t1, choice2, t2, choice3, t3, reset, s1, s2, s3 
1,dummy,Cali_F,stevie,1.5440567139994528,pepper,0.2269260060020315,sciprr,0.5461668700008886,0,4,4,4
1,dummy,Cali_M,stevie,0.4094694950035773,pepper,0.21935057399969082,sciprr,0.1972860120004043,0,5,4,4
2,dummy,Cali_M,pepper,1.7710378459996718,sciprr,0.3914821029975428,pr2,0.699032607000845,0,4,2,5
2,dummy,Cali_F,stevie,1.5913618680024229,pepper,1.0980960660017445,sciprr,0.2821709149975504,0,4,3,4
