ID, choice1, t1, s1, choice2, t2, s2, choice3, t3, s3 
dummy,robot_5,0.4697939600009704,3,robot_3,0.4811370879979222,4,robot_2,0.6652753009984735,2