ID, voice, choice1, t1, s1, choice2, t2, s2, choice3, t3, s3 
dummy,pepper,robot_3,38.901563502000016,4,robot_1,0.5127188769999975,3,robot_2,0.5126903610000113,3,robot_5,1.0243472279999821,3
