ID, choice1, t1, s1, choice2, t2, s2, choice3, t3, s3 
dummy,robot_5,1.7870448139947257,3,robot_3,0.5287850389941013,4,robot_4,0.4890604070023983,5