ID, voice, choice1, t1, s1, choice2, t2, s2, choice3, t3, s3 
dummy,pepper,button,2.5834286479999946,0,robot_1,0.8029416600001014,2,robot_4,0.4400039630000947,3,robot_2,0.4708137860000079,2
