ID, voice, choice1, t1, s1, choice2, t2, s2, choice3, t3, s3 
dummy,pepper,robot_5,8.894213443000012,2,robot_3,0.7342560619999858,4,robot_4,0.5251384250000228,4
