ID, voice, choice1, t1, s1, choice2, t2, s2, choice3, t3, s3 
dummy,pr2,robot_4,10.722438974999932,3,robot_3,0.427435749000324,4,robot_7,0.6926222940001026,2,robot_8,4.996444602999873,2
dummy,pepper,robot_7,0.8907217119999586,1,robot_8,0.7754375550002806,1,robot_3,0.3693283570000858,5,robot_4,0.8568229020002036,4
