ID, choice1, t1, s1, choice2, t2, s2, choice3, t3, s3 
tester,robot_1,1.2690663169996697,2,robot_3,0.5778080439995392,4,robot_4,0.4565750269975979,4