ID, voice, choice1, t1, s1, choice2, t2, s2, choice3, t3, s3 
dummy,pr2,robot_1,2.133442054000625,10,robot_2,0.7056668450022698,10,robot_3,0.7700815450007212,10
dummy,pepper,robot_3,0.7112793529995542,10
dummy,pepper,robot_4,0.7029420430008031,10,robot_2,0.49425847299789893,10,robot_1,0.46835843100052443,10
