ID, voice, choice1, t1, s1, choice2, t2, s2, choice3, t3, s3 
dummy,pepper,robot_1,0.6223222300000089,3,robot_3,0.40693394099997704,4,robot_4,0.5038222270000006,4
