TestID, UserID, voice, choice1, t1, choice2, t2, choice3, t3, reset, s1, s2, s3 
2,4,training,chappie,1.1678246040000886,walle,0.6215879599999425,r2d2,0.37749617000008584,0,4,4,4
