TestID, UserID, voice, choice1, t1, choice2, t2, choice3, t3, reset, s1, s2, s3 
2,5,training,chappie,1.017754167000021,walle,0.37178194499983874,r2d2,0.23635121300003448,0,3,4,4
